Business Name,Phone,Location(Los angeles),Website,Listing_URL
The Park's Finest,(213) 481-2800,1267 W Temple St,https://theparksfinest.com,/los-angeles-ca/mip/the-parks-finest-468736697
Honey Bee's House of Breakfast,(323) 731-7203,4715 W Adams Blvd,http://honeybeeshob.com,/los-angeles-ca/mip/honey-bees-house-of-breakfast-474819004
The Slice,(310) 437-7499,13151 Fountain Park Dr Ste B,http://www.theslicemenu.com/?utm_source=organic_tripadvisor&utm_medium=ta_website,/los-angeles-ca/mip/the-slice-2850752
El Atacor Restaurant,(323) 441-8477,2622 N Figueroa St,http://elatacorrestaurantca.localsearch.com,/los-angeles-ca/mip/el-atacor-restaurant-12564980
Kailey's Restaurant,(323) 343-9320,3600 N Broadway,http://kaileysrestaurant.localsearch.com,/los-angeles-ca/mip/kaileys-restaurant-1069572
Los Feliz Cafe,(323) 661-2355,3207 Los Feliz Blvd,https://www.facebook.com/LosFelizCafeEATZ,/los-angeles-ca/mip/los-feliz-cafe-460571246
Le Oriental Bistro,(323) 462-3388,1710 N Highland Ave,http://www.leorientalbistro.net,/los-angeles-ca/mip/le-oriental-bistro-11471426
Fish & Mex Grill,(323) 290-0801,4949 W Slauson Ave,http://www.mrfishandmex.com,/los-angeles-ca/mip/fish-mex-grill-461568078
Wacky Wok,(310) 670-0071,8919 S Sepulveda Blvd,http://wackywok456837569.localsearch.com,/los-angeles-ca/mip/wacky-wok-456837569
The Morrison,(323) 667-1839,3179 Los Feliz Blvd,http://www.themorrisonla.com,/los-angeles-ca/mip/the-morrison-474070705
Food,(310) 441-7770,10571 W Pico Blvd,http://food-la.com,/los-angeles-ca/mip/food-9590059
Genghis Cohen,(323) 653-0640,740 N Fairfax Ave,http://www.genghiscohen.com,/los-angeles-ca/mip/genghis-cohen-11695544
Garden Cafe,(323) 951-1234,6420 Wilshire Blvd,,/los-angeles-ca/mip/garden-cafe-456056692
India's Oven,(310) 207-5522,11645 Wilshire Blvd Ste 200,http://indiasovenwilshire.com,/los-angeles-ca/mip/indias-oven-7559199
Twin Dragon,(310) 657-7355,8597 W Pico Blvd,http://www.twindragon.com,/los-angeles-ca/mip/twin-dragon-7814726
Ichibanya USA,(310) 479-1333,12007 Wilshire Blvd,http://ichibanyausa.localsearch.com,/los-angeles-ca/mip/ichibanya-usa-478433584
Las Galas,(213) 687-4811,103 Japanese Village Plaza Mall,https://www.lasgalasla.com,/los-angeles-ca/mip/las-galas-6925719
Toad Restaurant,(323) 460-7037,4503 Beverly Blvd,http://toad-restaurant.hub.biz,/los-angeles-ca/mip/toad-restaurant-8100035
Cindy's Restaurant,(323) 257-7375,1500 Colorado Blvd,http://cindysrestaurantca.localsearch.com,/los-angeles-ca/mip/cindys-restaurant-480239117
Osteria Mamma,(323) 284-7060,5732 Melrose Ave,http://www.osteriamamma.com,/los-angeles-ca/mip/osteria-mamma-451301477
The Original Pancake House,(310) 645-0456,6521 S Sepulveda Blvd,http://theoriginalpancakehouse453642528.localsearch.com,/los-angeles-ca/mip/the-original-pancake-house-453642528
59th & Lex,(310) 772-7178,10250 Santa Monica Blvd 2nd Fl,https://www.bloomingdales.com/stores/ca/losangeles/59th-lex_28-59l.html,/los-angeles-ca/mip/59th-lex-456107285
New Dragon Restaurant,(213) 626-6050,934 N Hill St,http://newdragonseafoodrestaurant.localsearch.com,/los-angeles-ca/mip/new-dragon-restaurant-473618546
Restaurant Bahia Ensenada,(213) 466-2786,2605 E Cesar E Chavez Ave,http://safarirestaurantandbar.com,/los-angeles-ca/mip/restaurant-bahia-ensenada-6373004
Loteria Grill,(323) 465-2500,6627 Hollywood Blvd,http://loteriagrill.com/#,/los-angeles-ca/mip/loteria-grill-11554536
La Estrella Restaurant,(323) 266-4349,940 S Lorena St,http://city-data.com/ca-restaurants/taqueria-la-estrella2.html,/los-angeles-ca/mip/la-estrella-restaurant-455336649
Palomino Restaurant Rotisseria,(310) 208-1960,10877 Wilshire Blvd,http://palominoeurobistro.localsearch.com,/los-angeles-ca/mip/palomino-restaurant-rotisseria-466258631
Maria's Italian Kitchen,(310) 476-6112,11723 Barrington Ct,https://www.mariasitaliankitchen.com,/los-angeles-ca/mip/marias-italian-kitchen-10813013
Guadalajara Carnitas,(323) 266-5648,2735 E Cesar E Chavez Ave,http://guadalajaracarnitas.localsearch.com,/los-angeles-ca/mip/guadalajara-carnitas-31033748
Gus Jr. #1,(323) 235-3713,4001 S San Pedro St,http://www.gusjr1.com,/los-angeles-ca/mip/gus-jr-1-6366880
Delancey,(323) 469-2100,5936 W Sunset Blvd,http://www.delanceyhollywood.com,/los-angeles-ca/mip/delancey-15751003
Yekta Restaurant,(310) 444-9422,11939 Santa Monica Blvd,http://yektarestaurant.localsearch.com,/los-angeles-ca/mip/yekta-restaurant-6299258
Toscana,(310) 826-0028,11633 San Vicente Blvd,http://toscana7455894.localsearch.com,/los-angeles-ca/mip/toscana-7455894
Il Moro,(310) 575-3530,11400 W Olympic Blvd  Entrance On Purdue Street,http://www.ilmoro.com,/los-angeles-ca/mip/il-moro-17342130
Madeo Restaurant,(310) 859-0242,8897 Beverly Blvd,https://madeo.cafes-world.com,/los-angeles-ca/mip/madeo-restaurant-473502520
Casa Sanchez,(310) 397-9999,4500 S Centinela Ave,http://www.casa-sanchez.com,/los-angeles-ca/mip/casa-sanchez-12440250
El Compadre,(213) 250-4505,1449 W Sunset Blvd,https://elcompadrerestaurant.com/echo-park,/los-angeles-ca/mip/el-compadre-12970045
Shabu Shabu House Restaurant,(213) 680-3890,127 Japanese Village Plaza Mall,http://shabushabuhouserestaurant.localsearch.com,/los-angeles-ca/mip/shabu-shabu-house-restaurant-17965958
Louigi's,(310) 477-4500,1644 Sawtelle Blvd,http://www.louigiswla.com,/los-angeles-ca/mip/louigis-5680675
A.O.C.,(310) 859-9859,8700 W 3rd St,http://www.aocwinebar.com,/los-angeles-ca/mip/a-o-c-475694906
Juquila Restaurant,(310) 312-1079,11619 Santa Monica Blvd,http://www.juquilarestaurantlosangeles.com,/los-angeles-ca/mip/juquila-restaurant-646598
Eastside Italian Deli - Los Feliz,(323) 407-6841,1761 N Vermont Ave,https://esmdeli.com/locations,/los-angeles-ca/mip/eastside-italian-deli-los-feliz-567904521
Harvard & Stone,(323) 466-6063,5221 Hollywood Blvd,http://www.harvardandstone.com,/los-angeles-ca/mip/harvard-stone-2483569
Boran Thai Restaurant,(323) 469-8883,5401 Hollywood Blvd # 3405,https://boranthairestaurant.com,/los-angeles-ca/mip/boran-thai-restaurant-473177692
El Greco Cafe & Rotisserie,(323) 662-3431,1824 N Vermont Ave,http://elgrecocafe.com,/los-angeles-ca/mip/el-greco-cafe-rotisserie-8815379
Pizza Man,(323) 665-4141,5101  Sunset Blvd,http://pizzaman.delivery,/los-angeles-ca/mip/pizza-man-5294662
India's Restaurant,(323) 912-9230,4366 Fountain Ave,http://indiasrestaurantca.localsearch.com,/los-angeles-ca/mip/indias-restaurant-483145653
Thailand Plaza Restaurant,(323) 993-9000,5321 Hollywood Blvd,http://thailandplazarestaurant.localsearch.com,/los-angeles-ca/mip/thailand-plaza-restaurant-534333942
Son of a Gun,(323) 782-9033,8370 W 3rd St,http://www.sonofagunrestaurant.com,/los-angeles-ca/mip/son-of-a-gun-461552762
Islands,(310) 474-1144,10948 W Pico Blvd,http://www.islandsrestaurants.com,/los-angeles-ca/mip/islands-541920
Chicharroland Restaurant,(323) 232-8850,4714 S Main St,http://mapquest.com/us/california/restaurants-los-angeles/...,/los-angeles-ca/mip/chicharroland-restaurant-23829987
Acajutla Restaurant,(323) 232-5410,608 E 59th St,http://acajutla-restaurant.hub.biz,/los-angeles-ca/mip/acajutla-restaurant-15750239
El Quezalteco Restaurant,(323) 766-8700,3304 W Jefferson Blvd,http://elquezaltecorestaurant.localsearch.com,/los-angeles-ca/mip/el-quezalteco-restaurant-15230316
Star Of India Tandoori Restaurant,(323) 939-6815,7212 Melrose Ave,http://starofindiala.com,/los-angeles-ca/mip/star-of-india-tandoori-restaurant-1465187
Sultani Restaurant,(323) 876-3389,1535 N La Brea Ave,http://sultanirestaurant.localsearch.com,/los-angeles-ca/mip/sultani-restaurant-6962749
Versailles Cuban Food,(310) 558-0725,10319 Venice Blvd,https://versaillescubanfood.com,/los-angeles-ca/mip/versailles-cuban-food-7268166
Enzo's Pizzeria,(310) 208-3696,1145 Westwood Blvd,https://enzospizzeria.com,/los-angeles-ca/mip/enzos-pizzeria-676761
New York Pizza & Pasta,(323) 874-4888,7123 W Sunset Blvd,http://newyorkpizzapasta12851163.localsearch.com,/los-angeles-ca/mip/new-york-pizza-pasta-12851163
Prado Restaurant,(323) 467-3871,244 N Larchmont Blvd,http://pradorestaurantca.localsearch.com,/los-angeles-ca/mip/prado-restaurant-10998135
Miceli's Italian Restaurant,(323) 466-3438,1646 N Las Palmas Ave,https://micelis.restaurant/laspalmas,/los-angeles-ca/mip/micelis-italian-restaurant-8176301
Terroni,(323) 954-0300,7605 Beverly Blvd,http://www.terroni.com,/los-angeles-ca/mip/terroni-972434
Portofino Cucina Italiana,(213) 239-9019,464 S Main St,http://portofinocucinaitaliana.localsearch.com,/los-angeles-ca/mip/portofino-cucina-italiana-461902888
Saffron Downtown Los Angeles,(213) 488-9754,505 S Flower St Ste B250,http://saffrondowntownlosangeles.localsearch.com,/los-angeles-ca/mip/saffron-downtown-los-angeles-18580620
Tamashii Ramen House,(818) 990-1268,14531 Ventura Blvd  Sherman Oaks,http://www.tamashiiramen.com,/los-angeles-ca/mip/tamashii-ramen-house-472990767
California Pita,(213) 346-9400,201 N Los Angeles St Ste 9,https://www.californiapita.com/locations,/los-angeles-ca/mip/california-pita-4309358
Della Terra,(323) 933-7675,7675 Beverly Blvd,http://www.dellaterrarestaurant.com,/los-angeles-ca/mip/della-terra-450952437
Boda Restaurant,(323) 227-8573,2310 Pasadena Ave,http://www.boda-restaurant.com,/los-angeles-ca/mip/boda-restaurant-3530533
King Taco,(323) 264-9051,4300 E Olympic Blvd,http://kingtaco.com,/los-angeles-ca/mip/king-taco-473815229
Moishe's Restaurant,(323) 936-4998,6333 W 3rd St Ste 336,http://www.moishes-la.com,/los-angeles-ca/mip/moishes-restaurant-3664849
Seoul House of Tofu,(310) 444-9988,2101 Sawtelle Blvd,http://seoulhouseoftofu.localsearch.com,/los-angeles-ca/mip/seoul-house-of-tofu-480103830
Home Restaurant,(323) 665-0211,2500 Riverside Dr,http://www.homerestaurantla.com,/los-angeles-ca/mip/home-restaurant-3013627
Jitalda Restaurant,(323) 667-9809,5233 1/2 W Sunset Blvd,http://jitladala.com,/los-angeles-ca/mip/jitalda-restaurant-470919367
Marino,(323) 466-8812,6003 Melrose Ave,https://www.marinorestaurant.com/about,/los-angeles-ca/mip/marino-3562898
Pizzicotto,(310) 442-7188,11758 San Vicente Blvd,,/los-angeles-ca/mip/pizzicotto-467074613
Jeff's Gourmet Kosher Sausage Factory,(310) 858-8590,8930 W Pico Blvd,https://www.jeffsgourmet.com,/los-angeles-ca/mip/jeffs-gourmet-kosher-sausage-factory-2042201
Billingsley's Restaurant,(310) 477-1426,11326 W Pico Blvd,http://billingsleysrestaurant.com,/los-angeles-ca/mip/billingsleys-restaurant-462524
Best Fish Taco In Ensenada,(323) 466-5552,1650 Hillhurst Ave,http://www.bestfishtacoinensenada.com,/los-angeles-ca/mip/best-fish-taco-in-ensenada-22979904
Park's BBQ,(213) 380-1717,955 S Vermont Ave,http://www.parksbbq.com,/los-angeles-ca/mip/parks-bbq-3392881
Craft,(310) 279-4180,10100 Constellation Blvd,https://www.craftlosangeles.com/contact,/los-angeles-ca/mip/craft-7096781
Restaurant Komasa,(213) 680-1792,351 E 2nd St,https://food1565.wordpress.com,/los-angeles-ca/mip/restaurant-komasa-11757461
Pan American Restaurant,(213) 386-2083,2601 W Temple St,http://www.panamericannightclub.com,/los-angeles-ca/mip/pan-american-restaurant-11211961
Foo-Chow Restaurant,(213) 485-1294,949 N Hill St,http://foochowrestaurantca.localsearch.com,/los-angeles-ca/mip/foo-chow-restaurant-1967231
Choeng Wun BBQ Buffet,(323) 465-7590,944 N Western Ave,http://choengwun.com,/los-angeles-ca/mip/choeng-wun-bbq-buffet-8870682
Natalie Peruvian Seafood Restaurant,(323) 463-8340,5759 Hollywood Blvd,http://natalieperuvian.menutoeat.com,/los-angeles-ca/mip/natalie-peruvian-seafood-restaurant-6389704
Rosalind's,(323) 936-2486,1044 S Fairfax Ave,https://rosalindla.com,/los-angeles-ca/mip/rosalinds-1269224
Red O Restaurant,(323) 655-5009,8155 Melrose Ave,http://redoca.localsearch.com,/los-angeles-ca/mip/red-o-restaurant-453751754
La Bruschetta Ristorante,(424) 273-4892,1621 Westwood Blvd,http://www.labruschettarestaurant.com,/los-angeles-ca/mip/la-bruschetta-ristorante-548533
Cheng Du Restaurant,(310) 477-4917,11538 W Pico Blvd,http://www.cheng-du-la.com,/los-angeles-ca/mip/cheng-du-restaurant-1776076
Miceli's,(323) 851-3344,3655 Cahuenga Blvd W,https://micelis.restaurant/cahuenga,/los-angeles-ca/mip/micelis-458921310
Farfalla Trattoria Inc,(323) 661-7365,1978 Hillhurst Ave,http://trattoriafarfalla.com/2015/7/11/2gaguxmnkiwfalhgroi8ws44bozqzx,/los-angeles-ca/mip/farfalla-trattoria-inc-13260478
Wood & Vine,(323) 334-3360,6280 Hollywood Blvd,http://www.woodandvine.com,/los-angeles-ca/mip/wood-vine-465516255
Shakey's Pizza Parlor,(323) 663-2145,5170 W Sunset Blvd,https://www.shakeys.com/locations/los-angeles/la-sunset-pizza-restaurant,/los-angeles-ca/mip/shakeys-pizza-parlor-457141963
Tanino Restaurant,(310) 208-0444,1043 Westwood Blvd,http://www.tanino.com,/los-angeles-ca/mip/tanino-restaurant-6395386
Truxton's American Bistro,(310) 417-8789,8611 Truxton Ave,http://www.truxtonsamericanbistro.com,/los-angeles-ca/mip/truxtons-american-bistro-2374556
El Compadre Restaurant,(323) 751-7148,233 E Florence Ave,https://www.elcompadrerestaurant.com,/los-angeles-ca/mip/el-compadre-restaurant-6687738
Nanban-Kan Restaurant,(310) 478-1591,11330 Santa Monica Blvd,https://www.facebook.com/pages/Nanban-Kan-Restaurant/108092229232137,/los-angeles-ca/mip/nanban-kan-restaurant-3182476
La Victoria Restaurant,(213) 748-2682,3311 S Main St,http://www.lavictoriataqueria.net,/los-angeles-ca/mip/la-victoria-restaurant-452241089
Eva's Lechon,(213) 383-3179,4252 W 3rd St,,/los-angeles-ca/mip/evas-lechon-8083331
L&L Hawaiian Barbecue,(323) 259-8888,4430 York Blvd,http://www.hawaiianbarbecue.com,/los-angeles-ca/mip/l-l-hawaiian-barbecue-7737583
Kim's Restaurant,(323) 294-6677,3860 Crenshaw Blvd Ste 105,http://kimsrestaurant1632823.localsearch.com,/los-angeles-ca/mip/kims-restaurant-1632823
All American Sausage Co,(323) 933-9600,189 The Grove Dr,http://allamericansausageco.localsearch.com,/los-angeles-ca/mip/all-american-sausage-co-468446032
Hop Woo,(310) 575-3668,11110 W Olympic Blvd,https://www.facebook.com/hopwoowestla,/los-angeles-ca/mip/hop-woo-470912260
On The Border Mexican Grill & Cantina,(310) 665-9445,400 World Way,http://www.ontheborder.com,/los-angeles-ca/mip/on-the-border-mexican-grill-cantina-473794742
Little Dom's,(323) 661-0055,2128 Hillhurst Ave,http://www.littledoms.com,/los-angeles-ca/mip/little-doms-2657098
Full House Seafood Restaurant,(213) 617-8382,963 N Hill St,http://www.fullhouseseafood.com,/los-angeles-ca/mip/full-house-seafood-restaurant-16058955
Bandera Restaurant,(310) 477-3524,11704 Wilshire Blvd,http://hillstone.com,/los-angeles-ca/mip/bandera-restaurant-7768211
The Cheesecake Factory,(323) 634-0511,189 The Grove Dr,https://www.thecheesecakefactory.com,/los-angeles-ca/mip/the-cheesecake-factory-9527070
Musso & Frank Grill,(323) 467-7788,6667 Hollywood Blvd,http://mussoandfrank.com,/los-angeles-ca/mip/musso-frank-grill-3410541
L & E Oyster Bar,(323) 660-2255,1637 Silver Lake Blvd,https://www.leoysterbar.com,/los-angeles-ca/mip/l-e-oyster-bar-468114256
Callender's Grill,(323) 937-7952,5773 Wilshire Blvd,http://callendersgrillca.localsearch.com,/los-angeles-ca/mip/callenders-grill-5966589
Woody's BBQ,(323) 758-8303,1958 W Florence Ave,http://www.woodysbarbquela.com,/los-angeles-ca/mip/woodys-bbq-30760171
El Tapatio Restaurant,(323) 266-2931,2049 E Cesar E Chavez Ave,http://www.eltapatiorestaurant.biz,/los-angeles-ca/mip/el-tapatio-restaurant-464568509
Greenwich Village Pizza,(213) 973-4371,512 E Washington Blvd,http://greenwichvillagepizza.localsearch.com,/los-angeles-ca/mip/greenwich-village-pizza-6253956
Carney's Restaurant,(323) 654-8300,8351 W Sunset Blvd,https://carneytrain.com/sunset,/los-angeles-ca/mip/carneys-restaurant-9036396
Trimana,(310) 445-4044,11755 Wilshire Blvd Ste 30,http://trimana.com,/los-angeles-ca/mip/trimana-1798904
Bestia,(213) 514-5724,2121 E 7th Pl,http://www.bestiala.com,/los-angeles-ca/mip/bestia-475471662
House of Pies,(323) 666-9961,1869 N Vermont Ave,http://houseofpiesca.localsearch.com,/los-angeles-ca/mip/house-of-pies-497247127
ShaBuShi,(323) 522-6457,5185 W Sunset Blvd,http://www.shabushi.net,/los-angeles-ca/mip/shabushi-531970986
Jitlada Restaurant,(323) 667-9809,5233 1/2 W Sunset Blvd,http://jitladala.wordpress.com,/los-angeles-ca/mip/jitlada-restaurant-533755158
Papa Cristo's Taverna,(323) 737-2970,2771 W Pico Blvd,http://papacristos.com/faq,/los-angeles-ca/mip/papa-cristos-taverna-496646974
Takken,(213) 446-2274,4700 Western Heritage Way,http://takken.localsearch.com,/los-angeles-ca/mip/takken-504686156
Bhan Kanom Thai,(323) 871-8030,5271 Hollywood Blvd,http://www.bhankanomthai.com,/los-angeles-ca/mip/bhan-kanom-thai-10015505
Cajun Seafood House Hollywood,(323) 989-7168,5267 Hollywood Blvd,,/los-angeles-ca/mip/cajun-seafood-house-hollywood-540838275
Silver Lake Ramen,(323) 660-8100,2927 W Sunset Blvd,http://www.silverlakeramen.com,/los-angeles-ca/mip/silver-lake-ramen-472254358
Mandarin Kitchen,(310) 441-9651,1822 Westwood Blvd,http://mandarinkitchen22338703.localsearch.com,/los-angeles-ca/mip/mandarin-kitchen-22338703
Hakata Ramen Shin-Sen-Gumi,(213) 687-7108,132 S Central Ave,http://www.shinsengumigroup.com,/los-angeles-ca/mip/hakata-ramen-shin-sen-gumi-474770154
Tastee BQ Grilling Co,(323) 558-8184,4470 W Sunset Blvd,http://tasteebqgrillingco.localsearch.com,/los-angeles-ca/mip/tastee-bq-grilling-co-502960030
Sapp Coffee Shop Thai Restaurant,(323) 922-1081,5183 Hollywood Blvd,http://sappcoffeeshopthairestaurant.localsearch.com,/los-angeles-ca/mip/sapp-coffee-shop-thai-restaurant-512586385
Perch,(213) 802-1770,448 S Hill St,https://www.perchla.com,/los-angeles-ca/mip/perch-464708334
Allacqua,(323) 663-3280,3280 Glendale Blvd,http://www.allacquarestaurant.com,/los-angeles-ca/mip/allacqua-503057570
Four Cafe,(323) 550-1988,2122 Colorado Blvd,http://www.fourcafe.net,/los-angeles-ca/mip/four-cafe-534703018
Cafe Beaujolais,(323) 255-5111,1712 Colorado Blvd,http://cafebeaujolaisca.localsearch.com,/los-angeles-ca/mip/cafe-beaujolais-5330552
Blu Jam Cafe,(323) 951-9191,7371 Melrose Ave,http://www.blujamcafe.com,/los-angeles-ca/mip/blu-jam-cafe-14703447
Mariscos El Jato,(323) 264-6590,2936 E 4th St,https://www.mariscoseljatojr.com/product/tacos-gobernador,/los-angeles-ca/mip/mariscos-el-jato-1312056
Sunset Express,(323) 663-1228,5070 W Sunset Blvd,http://sunsetexpress.localsearch.com,/los-angeles-ca/mip/sunset-express-510895451
Mohawk Bend,(213) 483-2337,2141 W Sunset Blvd,http://www.mohawk.la,/los-angeles-ca/mip/mohawk-bend-461874143
Katsuya Hollywood,(323) 871-8777,6300 Hollywood Blvd,http://www.sbe.com/katsuya,/los-angeles-ca/mip/katsuya-hollywood-22248833
Hurry Curry of Tokyo,(310) 473-1640,2131 Sawtelle Blvd,http://www.hurrycurryoftokyo.com,/los-angeles-ca/mip/hurry-curry-of-tokyo-14238439
Manna Korean BBQ,(213) 617-0306,333 S Alameda St,http://mannakoreanbbq469477852.localsearch.com,/los-angeles-ca/mip/manna-korean-bbq-469477852
Pho Café,(213) 413-0888,2841 W Sunset Blvd,https://phocafe.com,/los-angeles-ca/mip/pho-caf-4876416
Ham Ji Park,(213) 365-8773,3407 W 6th St Ste 101,http://www.hamjiparklosangeles.com,/los-angeles-ca/mip/ham-ji-park-5315046
The Shrimp Lover,(323) 668-9113,5112 Hollywood Blvd,http://www.theshrimplover.com,/los-angeles-ca/mip/the-shrimp-lover-531938708
Friends & Family,(323) 668-2000,5150 Hollywood Blvd,http://www.friendsandfamilyla.com,/los-angeles-ca/mip/friends-family-531632555
KT Restaurant,(323) 667-9800,5151 Hollywood Blvd,http://www.kruangtedd.com,/los-angeles-ca/mip/kt-restaurant-17832818
Manuel’s El Tepeyac Cafe,(323) 268-1960,812 N Evergreen Ave,http://www.manuelseltepeyac.com,/los-angeles-ca/mip/manuels-el-tepeyac-cafe-531911510
Gingergrass,(323) 644-1600,2396 Glendale Blvd,http://www.gingergrass.com,/los-angeles-ca/mip/gingergrass-8515868
Yamashiro Hollywood,(323) 466-5125,1999 N Sycamore Ave,http://yamashiroca.localsearch.com,/los-angeles-ca/mip/yamashiro-hollywood-473152988
Men Oh Tokushima Ramen,(213) 687-8485,456 E 2nd St,https://www.menohusa.com/blank-1,/los-angeles-ca/mip/men-oh-tokushima-ramen-474689762
Button Mash,(213) 250-9903,1391 W Sunset Blvd,http://buttonmashla.com,/los-angeles-ca/mip/button-mash-505981229
Sanamluang Cafe,(323) 660-8006,5176 Hollywood Blvd,http://sanamluangcafe.menutoeat.com,/los-angeles-ca/mip/sanamluang-cafe-8903318
Pann's Restaurant,(323) 776-3770,6710 La Tijera Blvd,https://panns.com,/los-angeles-ca/mip/panns-restaurant-9053460
Tg Original Express,(213) 483-8033,2021 W 3rd St,http://tgexpress.net,/los-angeles-ca/mip/tg-original-express-505097194
Baco Mercat,(213) 687-7000,408 S Main St,http://www.bacomercat.com,/los-angeles-ca/mip/baco-mercat-466310573
Young-King Chinese Restaurant,(213) 487-6154,3100 W Olympic Blvd,http://www.youngking-losangeles.com,/los-angeles-ca/mip/young-king-chinese-restaurant-2031893
Big Mama's & Papa's Pizzeria,(323) 644-0003,814 N Vermont Ave,https://www.facebook.com/BigMamasNPapas,/los-angeles-ca/mip/big-mamas-papas-pizzeria-473204839
Han Bat Shul Lung Tang,(213) 388-9499,4163 W 5th St,http://hanbatsullungtang.com,/los-angeles-ca/mip/han-bat-shul-lung-tang-4075804
Little Ongpin,(323) 644-1738,5050 W Sunset Blvd,http://littlearmenia.com,/los-angeles-ca/mip/little-ongpin-14231221
Bao Dim Sum House,(323) 655-6556,8256 Beverly Blvd,http://www.baodimsum.com,/los-angeles-ca/mip/bao-dim-sum-house-461538838
Hae Jang Chon Korean BBQ Restaurant,(213) 389-8777,3821 W 6th St,http://www.haejangchon.com,/los-angeles-ca/mip/hae-jang-chon-korean-bbq-restaurant-470920408
Hyperion Public,(323) 761-6440,2538 Hyperion Ave,http://www.hyperionpublic.com,/los-angeles-ca/mip/hyperion-public-474991684
Caffe Latte,(323) 936-5213,6254 Wilshire Blvd,http://caffelatteca.localsearch.com,/los-angeles-ca/mip/caffe-latte-1050840
Sugarfish,(310) 820-4477,11640 San Vicente Blvd,http://www.sugarfishsushi.com,/los-angeles-ca/mip/sugarfish-23138134
Godfather's Italian Restaurant,(310) 842-1111,10401 Venice Blvd,http://godfathersitalianrestaurant.localsearch.com,/los-angeles-ca/mip/godfathers-italian-restaurant-984672
Pizza Next Door,(213) 622-6595,806 W 8th St,http://www.pizzanextdoor.com,/los-angeles-ca/mip/pizza-next-door-1944959
Figaro Bistrot,(323) 662-1587,1802 N Vermont Ave,http://www.figarobistrot.com,/los-angeles-ca/mip/figaro-bistrot-11477448
Pink Pepper,(323) 461-2462,1638 N La Brea Ave,http://pinkpepper.localsearch.com,/los-angeles-ca/mip/pink-pepper-8781754
Westside Tavern,(310) 470-1539,10850 W Pico Blvd,http://www.westsidetavernla.com,/los-angeles-ca/mip/westside-tavern-461823344
Otium,(213) 935-8500,222 S Hope St,http://otiumla.com,/los-angeles-ca/mip/otium-520221856
What the Fish,(323) 284-8442,2804 Hyperion Ave,http://what502870030.localsearch.com,/los-angeles-ca/mip/what-the-fish-502870030
Little Beast Restaurant,(323) 341-5899,1496 Colorado Blvd,http://www.littlebeastrestaurant.com,/los-angeles-ca/mip/little-beast-restaurant-475957645
Gobi Mongolian Barbeque House,(213) 989-0711,2827 W Sunset Blvd,http://gobimongolianbarbeque.localsearch.com,/los-angeles-ca/mip/gobi-mongolian-barbeque-house-468305269
Pine & Crane,(323) 668-1128,1521 Griffith Park Blvd,http://www.pineandcrane.com,/los-angeles-ca/mip/pine-crane-483325146
BCD Tofu House,(213) 380-3807,869 S Western Ave,http://bcdtofu.com,/los-angeles-ca/mip/bcd-tofu-house-1426834
Max City BBQ,(323) 254-4227,4729 Eagle Rock Blvd,http://www.maxcitybbq.com,/los-angeles-ca/mip/max-city-bbq-483818989
Volcano Wok,(323) 468-9196,7040 W Sunset Blvd,http://volcanowok.localsearch.com,/los-angeles-ca/mip/volcano-wok-466773186
Meals By Genet,(323) 938-9304,1053 S Fairfax Ave,http://www.mealsbygenetla.com,/los-angeles-ca/mip/meals-by-genet-10009243
Cabo Cantina,(323) 822-7820,8301 W Sunset Blvd,http://www.cabocantina.com,/los-angeles-ca/mip/cabo-cantina-3212498
Fresh In the Box,(310) 301-9100,13354 W Washington Blvd,http://freshinthebox.localsearch.com,/los-angeles-ca/mip/fresh-in-the-box-2385705
Sushi Sasabune,(310) 478-3596,11917 Wilshire Blvd,http://sushisasabune.tumblr.com,/los-angeles-ca/mip/sushi-sasabune-480252234
Leela Thai Restaurant,(323) 660-6100,1737 Silver Lake Blvd,http://www.leelathaila.com,/los-angeles-ca/mip/leela-thai-restaurant-2737262
The Griffin,(323) 644-0444,3000 Los Feliz Blvd,http://www.thegriffinlounge.com,/los-angeles-ca/mip/the-griffin-3364541
My Taco,(323) 256-2698,6300 York Blvd,http://my-taco.net,/los-angeles-ca/mip/my-taco-1584761
Pizza Rossa,(323) 296-0042,4040 W Martin Luther King Jr Blvd,http://pizzarossaca.localsearch.com,/los-angeles-ca/mip/pizza-rossa-505772766
Messob Ethiopian Restaurant,(323) 938-8827,1041 S Fairfax Ave,http://www.messob.com,/los-angeles-ca/mip/messob-ethiopian-restaurant-8895224
Chego!,(323) 380-8680,727 N Broadway Ste 117,http://chego479872842.localsearch.com,/los-angeles-ca/mip/chego-479872842
Melrose Cafe,(323) 928-2294,1308 N Edgemont St,http://www.melrose-cafe.com,/los-angeles-ca/mip/melrose-cafe-543153458
Sakura Japanese Restaurant & Sushi Bar,(310) 822-7790,4545 S Centinela Ave,http://www.sanook.com,/los-angeles-ca/mip/sakura-japanese-restaurant-sushi-bar-13559225
Plum Tree Inn,(213) 613-1819,913 N Broadway,http://www.plumtreeinn.com,/los-angeles-ca/mip/plum-tree-inn-15945240
The Original Pantry Cafe,(213) 972-9279,877 S Figueroa St,http://www.pantrycafe.com,/los-angeles-ca/mip/the-original-pantry-cafe-4998557
Won Kok Restaurant,(213) 613-0700,210 Alpine St,http://wonkokrestaurant.localsearch.com,/los-angeles-ca/mip/won-kok-restaurant-995458
Starbucks Reserve,(213) 431-5969,2134 W Sunset Blvd,http://www.starbucks.com/store-locator,/los-angeles-ca/mip/starbucks-reserve-460662135
Wako Donkasu,(213) 381-9256,3377 Wilshire Blvd,http://wakodonkasu.localsearch.com,/los-angeles-ca/mip/wako-donkasu-6999183
Pollo A La Brasa,(213) 387-1531,764 S Western Ave,https://www.facebook.com/Pollo-A-La-Brasa-Western-386860468054261,/los-angeles-ca/mip/pollo-a-la-brasa-7032792
Ye Rustic Inn,(323) 662-5757,1831 Hillhurst Ave,https://www.facebook.com/ye.r.inn,/los-angeles-ca/mip/ye-rustic-inn-589491
Osteria La Buca,(323) 462-1900,5210 Melrose Ave,http://www.osterialabuca.com,/los-angeles-ca/mip/osteria-la-buca-534595686
Bon Vivant Market & Cafe,(323) 284-8092,3155 Glendale Blvd,http://www.bonvivantmarketcafe.com,/los-angeles-ca/mip/bon-vivant-market-cafe-472052538
Gaby's Mediterranean,(310) 559-1808,10445 Venice Blvd,https://www.gabysrestaurants.com,/los-angeles-ca/mip/gabys-mediterranean-13977552
San Antonio Winery,(323) 223-1401,737 Lamar St,http://sanantoniowinery.com,/los-angeles-ca/mip/san-antonio-winery-461603146
Harold & Bell's Restaurant,(323) 735-9023,2920 W Jefferson Blvd,http://www.haroldandbellesrestaurant.com,/los-angeles-ca/mip/harold-bells-restaurant-2872564
Abc Restaurant,(987) 867-6554,67 Street,http://www.chateaulemongrass.com,/los-angeles-ca/mip/abc-restaurant-995749
Pho 87 Restaurants,(323) 227-0758,1019 N Broadway,http://pho87.net,/los-angeles-ca/mip/pho-87-restaurants-3758764
Elf Cafe,(213) 484-6829,2135 W Sunset Blvd,https://www.elfcafe.com,/los-angeles-ca/mip/elf-cafe-5691537
Thai Original BBQ & Restaurant,(213) 383-8571,4055 W 3rd St,http://www.thaibbqla.com,/los-angeles-ca/mip/thai-original-bbq-restaurant-4650452
Tofu Ya,(310) 473-2627,2021 Sawtelle Blvd,http://tofuya.localsearch.com,/los-angeles-ca/mip/tofu-ya-3504903
Sushi Go 55,(213) 687-0777,333 S Alameda St Ste 317,http://sushigo55.localsearch.com,/los-angeles-ca/mip/sushi-go-55-458652040
The Factory Kitchen,(213) 996-6000,1300 Factory Pl Ste 101,http://www.thefactorykitchen.com,/los-angeles-ca/mip/the-factory-kitchen-481826217
Hollywood Burger - Los Angeles,(323) 378-5668,6250 Hollywood Blvd Ste 100,http://www.hollywood-burger.com,/los-angeles-ca/mip/hollywood-burger-los-angeles-524932726
Mendocino Farms,(323) 934-4261,175 S Fairfax Ave,https://www.mendocinofarms.com/location-directory/los-angeles/175-s-fairfax-ave-los-angeles-ca-90036,/los-angeles-ca/mip/mendocino-farms-470432116
Restaurant Depot,(323) 964-1200,5333 W Jefferson Blvd,https://www.restaurantdepot.com,/los-angeles-ca/mip/restaurant-depot-5006089
